[
    {
        "id": "63ac7771cc126062",
        "type": "tab",
        "label": "Flow 1",
        "disabled": false,
        "info": "",
        "env": []
    },
    {
        "id": "d8e551b5066df631",
        "type": "inject",
        "z": "63ac7771cc126062",
        "name": "",
        "props": [
            {
                "p": "payload"
            },
            {
                "p": "topic",
                "vt": "str"
            }
        ],
        "repeat": "",
        "crontab": "",
        "once": false,
        "onceDelay": 0.1,
        "topic": "",
        "payload": "",
        "payloadType": "date",
        "x": 160,
        "y": 80,
        "wires": [
            [
                "550cbc36ad385e1d"
            ]
        ]
    },
    {
        "id": "550cbc36ad385e1d",
        "type": "debug",
        "z": "63ac7771cc126062",
        "name": "debug 1",
        "active": true,
        "tosidebar": true,
        "console": false,
        "tostatus": false,
        "complete": "payload",
        "targetType": "msg",
        "statusVal": "",
        "statusType": "auto",
        "x": 600,
        "y": 80,
        "wires": []
    },
    {
        "id": "90e692759cc5296c",
        "type": "mqtt in",
        "z": "63ac7771cc126062",
        "name": "",
        "topic": "#",
        "qos": "2",
        "datatype": "auto-detect",
        "broker": "333a1c3fb776e897",
        "nl": false,
        "rap": true,
        "rh": 0,
        "inputs": 0,
        "x": 170,
        "y": 140,
        "wires": [
            [
                "0284395a3f9da703"
            ]
        ]
    },
    {
        "id": "0284395a3f9da703",
        "type": "change",
        "z": "63ac7771cc126062",
        "name": "Estrai Messaggio",
        "rules": [
            {
                "t": "set",
                "p": "payload",
                "pt": "msg",
                "to": "payload.uplink_message.decoded_payload.payload",
                "tot": "msg"
            }
        ],
        "action": "",
        "property": "",
        "from": "",
        "to": "",
        "reg": false,
        "x": 350,
        "y": 140,
        "wires": [
            [
                "550cbc36ad385e1d",
                "511ba844f2d35ba9"
            ]
        ]
    },
    {
        "id": "511ba844f2d35ba9",
        "type": "json",
        "z": "63ac7771cc126062",
        "name": "",
        "property": "payload",
        "action": "",
        "pretty": false,
        "x": 590,
        "y": 200,
        "wires": [
            [
                "5d937e65ba122d75",
                "7918a3a7f31041e8",
                "b737b75b287905dc"
            ]
        ]
    },
    {
        "id": "5d937e65ba122d75",
        "type": "change",
        "z": "63ac7771cc126062",
        "name": "Estrai Temperatura",
        "rules": [
            {
                "t": "set",
                "p": "payload",
                "pt": "msg",
                "to": "payload.temp",
                "tot": "msg"
            },
            {
                "t": "set",
                "p": "topic",
                "pt": "msg",
                "to": "Temperatura",
                "tot": "str"
            }
        ],
        "action": "",
        "property": "",
        "from": "",
        "to": "",
        "reg": false,
        "x": 850,
        "y": 140,
        "wires": [
            [
                "c2280d01ef42152c"
            ]
        ]
    },
    {
        "id": "c2280d01ef42152c",
        "type": "ui_widget_thermometer",
        "z": "63ac7771cc126062",
        "group": "0fe1d382de43f5b0",
        "order": 2,
        "width": 0,
        "height": 0,
        "name": "Temperatura",
        "title": "Temperatura",
        "numColor": 3,
        "colorTop": "#2196f3",
        "colorMiddle": "#8bc34a",
        "colorBottom": "#f44336",
        "unit": "°C",
        "scale": "normal",
        "minTemp": 0,
        "maxTemp": "50",
        "x": 1090,
        "y": 140,
        "wires": []
    },
    {
        "id": "7918a3a7f31041e8",
        "type": "change",
        "z": "63ac7771cc126062",
        "name": "Estrai Polveri",
        "rules": [
            {
                "t": "set",
                "p": "payload",
                "pt": "msg",
                "to": "payload.polv",
                "tot": "msg"
            },
            {
                "t": "set",
                "p": "topic",
                "pt": "msg",
                "to": "Polveri",
                "tot": "str"
            }
        ],
        "action": "",
        "property": "",
        "from": "",
        "to": "",
        "reg": false,
        "x": 830,
        "y": 200,
        "wires": [
            [
                "9d84acdc8741257c",
                "d8c770635e9095da"
            ]
        ]
    },
    {
        "id": "9d84acdc8741257c",
        "type": "ui_gauge",
        "z": "63ac7771cc126062",
        "name": "",
        "group": "0fe1d382de43f5b0",
        "order": 1,
        "width": 0,
        "height": 0,
        "gtype": "gage",
        "title": "PM2.5",
        "label": "µg/m³",
        "format": "{{value}}",
        "min": 0,
        "max": "50",
        "colors": [
            "#00b500",
            "#e6e600",
            "#ca3838"
        ],
        "seg1": "",
        "seg2": "",
        "diff": false,
        "className": "",
        "x": 1070,
        "y": 200,
        "wires": []
    },
    {
        "id": "b737b75b287905dc",
        "type": "change",
        "z": "63ac7771cc126062",
        "name": "Estrai CO2",
        "rules": [
            {
                "t": "set",
                "p": "payload",
                "pt": "msg",
                "to": "payload.coii",
                "tot": "msg"
            },
            {
                "t": "set",
                "p": "topic",
                "pt": "msg",
                "to": "CO2",
                "tot": "str"
            }
        ],
        "action": "",
        "property": "",
        "from": "",
        "to": "",
        "reg": false,
        "x": 830,
        "y": 280,
        "wires": [
            [
                "6fca86d6d63f5755",
                "d8c770635e9095da"
            ]
        ]
    },
    {
        "id": "6fca86d6d63f5755",
        "type": "ui_gauge",
        "z": "63ac7771cc126062",
        "name": "",
        "group": "0fe1d382de43f5b0",
        "order": 1,
        "width": 0,
        "height": 0,
        "gtype": "gage",
        "title": "CO2",
        "label": "um/L",
        "format": "{{value}}",
        "min": 0,
        "max": "100",
        "colors": [
            "#00b500",
            "#e6e600",
            "#ca3838"
        ],
        "seg1": "",
        "seg2": "",
        "diff": false,
        "className": "",
        "x": 1070,
        "y": 280,
        "wires": []
    },
    {
        "id": "d8c770635e9095da",
        "type": "ui_chart",
        "z": "63ac7771cc126062",
        "name": "",
        "group": "b3c679d59bc40153",
        "order": 3,
        "width": 0,
        "height": 0,
        "label": "Andamento Temporale",
        "chartType": "line",
        "legend": "false",
        "xformat": "HH:mm",
        "interpolate": "linear",
        "nodata": "Nessun dato disponibile!",
        "dot": false,
        "ymin": "",
        "ymax": "",
        "removeOlder": "30",
        "removeOlderPoints": "",
        "removeOlderUnit": "60",
        "cutout": 0,
        "useOneColor": false,
        "useUTC": false,
        "colors": [
            "#1f77b4",
            "#aec7e8",
            "#ff7f0e",
            "#2ca02c",
            "#98df8a",
            "#d62728",
            "#ff9896",
            "#9467bd",
            "#c5b0d5"
        ],
        "outputs": 1,
        "useDifferentColor": false,
        "className": "",
        "x": 920,
        "y": 240,
        "wires": [
            []
        ]
    },
    {
        "id": "333a1c3fb776e897",
        "type": "mqtt-broker",
        "name": "TTN",
        "broker": "eu1.cloud.thethings.network",
        "port": "1883",
        "clientid": "",
        "autoConnect": true,
        "usetls": false,
        "protocolVersion": "4",
        "keepalive": "60",
        "cleansession": true,
        "birthTopic": "",
        "birthQos": "0",
        "birthPayload": "",
        "birthMsg": {},
        "closeTopic": "",
        "closeQos": "0",
        "closePayload": "",
        "closeMsg": {},
        "willTopic": "",
        "willQos": "0",
        "willPayload": "",
        "willMsg": {},
        "userProps": "",
        "sessionExpiry": ""
    },
    {
        "id": "0fe1d382de43f5b0",
        "type": "ui_group",
        "name": "Valori Ambientali",
        "tab": "f23d085b1d2489aa",
        "order": 1,
        "disp": true,
        "width": "6",
        "collapse": false,
        "className": ""
    },
    {
        "id": "b3c679d59bc40153",
        "type": "ui_group",
        "name": "Curva Andamento",
        "tab": "f23d085b1d2489aa",
        "order": 2,
        "disp": true,
        "width": "16",
        "collapse": false,
        "className": ""
    },
    {
        "id": "f23d085b1d2489aa",
        "type": "ui_tab",
        "name": "UNIPD",
        "icon": "dashboard",
        "disabled": false,
        "hidden": false
    }
]