[
    {
        "id": "548238b9f30d16e6",
        "type": "tab",
        "label": "Flow 1",
        "disabled": false,
        "info": "",
        "env": []
    },
    {
        "id": "582a60b83dc83ec6",
        "type": "inject",
        "z": "548238b9f30d16e6",
        "name": "",
        "props": [
            {
                "p": "payload"
            },
            {
                "p": "topic",
                "vt": "str"
            }
        ],
        "repeat": "",
        "crontab": "",
        "once": false,
        "onceDelay": 0.1,
        "topic": "",
        "payload": "",
        "payloadType": "date",
        "x": 220,
        "y": 200,
        "wires": [
            [
                "e5b598819e90f335"
            ]
        ]
    },
    {
        "id": "e5b598819e90f335",
        "type": "debug",
        "z": "548238b9f30d16e6",
        "name": "debug 1",
        "active": true,
        "tosidebar": true,
        "console": false,
        "tostatus": false,
        "complete": "false",
        "statusVal": "",
        "statusType": "auto",
        "x": 600,
        "y": 200,
        "wires": []
    },
    {
        "id": "9a3c51375555d8a4",
        "type": "mqtt in",
        "z": "548238b9f30d16e6",
        "name": "",
        "topic": "#",
        "qos": "2",
        "datatype": "auto",
        "broker": "a92bf377b1a6318d",
        "nl": false,
        "rap": true,
        "rh": 0,
        "inputs": 0,
        "x": 210,
        "y": 360,
        "wires": [
            [
                "c3cd5d2a7afb1646"
            ]
        ]
    },
    {
        "id": "c3cd5d2a7afb1646",
        "type": "json",
        "z": "548238b9f30d16e6",
        "name": "",
        "property": "payload",
        "action": "",
        "pretty": false,
        "x": 330,
        "y": 360,
        "wires": [
            [
                "1fea3d0502ea710c"
            ]
        ]
    },
    {
        "id": "1fea3d0502ea710c",
        "type": "change",
        "z": "548238b9f30d16e6",
        "name": "Estraggo Messaggio",
        "rules": [
            {
                "t": "set",
                "p": "payload",
                "pt": "msg",
                "to": "payload.uplink_message.decoded_payload.payload",
                "tot": "msg"
            }
        ],
        "action": "",
        "property": "",
        "from": "",
        "to": "",
        "reg": false,
        "x": 640,
        "y": 360,
        "wires": [
            [
                "c2556ae6a16e56ba",
                "e5b598819e90f335"
            ]
        ]
    },
    {
        "id": "c2556ae6a16e56ba",
        "type": "json",
        "z": "548238b9f30d16e6",
        "name": "",
        "property": "payload",
        "action": "",
        "pretty": false,
        "x": 870,
        "y": 380,
        "wires": [
            [
                "846a0fbb6cfaa67f",
                "87c1d0a7cddc666a",
                "77435c9dd93ead84",
                "078a2597f8fe58db",
                "eff0a4d14f966092"
            ]
        ]
    },
    {
        "id": "846a0fbb6cfaa67f",
        "type": "change",
        "z": "548238b9f30d16e6",
        "name": "Temp",
        "rules": [
            {
                "t": "set",
                "p": "payload",
                "pt": "msg",
                "to": "payload.t",
                "tot": "msg"
            }
        ],
        "action": "",
        "property": "",
        "from": "",
        "to": "",
        "reg": false,
        "x": 1050,
        "y": 300,
        "wires": [
            [
                "5d66c492093922d3"
            ]
        ]
    },
    {
        "id": "5d66c492093922d3",
        "type": "ui_gauge",
        "z": "548238b9f30d16e6",
        "name": "",
        "group": "2147988b5e61e5df",
        "order": 0,
        "width": 0,
        "height": 0,
        "gtype": "gage",
        "title": "Temperature",
        "label": "°C",
        "format": "{{t}}",
        "min": "-10",
        "max": "45",
        "colors": [
            "#00b500",
            "#e6e600",
            "#ca3838"
        ],
        "seg1": "",
        "seg2": "",
        "diff": false,
        "className": "",
        "x": 1290,
        "y": 300,
        "wires": []
    },
    {
        "id": "87c1d0a7cddc666a",
        "type": "change",
        "z": "548238b9f30d16e6",
        "name": "PM",
        "rules": [
            {
                "t": "set",
                "p": "payload",
                "pt": "msg",
                "to": "payload.2",
                "tot": "str"
            }
        ],
        "action": "",
        "property": "",
        "from": "",
        "to": "",
        "reg": false,
        "x": 1050,
        "y": 380,
        "wires": [
            [
                "9bdf8a266dd48e08"
            ]
        ]
    },
    {
        "id": "77435c9dd93ead84",
        "type": "change",
        "z": "548238b9f30d16e6",
        "name": "Co2",
        "rules": [
            {
                "t": "set",
                "p": "payload",
                "pt": "msg",
                "to": "payload.C",
                "tot": "str"
            }
        ],
        "action": "",
        "property": "",
        "from": "",
        "to": "",
        "reg": false,
        "x": 1050,
        "y": 460,
        "wires": [
            [
                "f982515c9f245c0a"
            ]
        ]
    },
    {
        "id": "f982515c9f245c0a",
        "type": "ui_gauge",
        "z": "548238b9f30d16e6",
        "name": "",
        "group": "2147988b5e61e5df",
        "order": 1,
        "width": 0,
        "height": 0,
        "gtype": "gage",
        "title": "Co2",
        "label": "units",
        "format": "{{C}}",
        "min": 0,
        "max": 10,
        "colors": [
            "#00b500",
            "#e6e600",
            "#ca3838"
        ],
        "seg1": "",
        "seg2": "",
        "diff": false,
        "className": "",
        "x": 1270,
        "y": 460,
        "wires": []
    },
    {
        "id": "9bdf8a266dd48e08",
        "type": "ui_gauge",
        "z": "548238b9f30d16e6",
        "name": "",
        "group": "2147988b5e61e5df",
        "order": 2,
        "width": 0,
        "height": 0,
        "gtype": "gage",
        "title": "PM",
        "label": "units",
        "format": "{{2}}",
        "min": 0,
        "max": 10,
        "colors": [
            "#00b500",
            "#e6e600",
            "#ca3838"
        ],
        "seg1": "",
        "seg2": "",
        "diff": false,
        "className": "",
        "x": 1270,
        "y": 380,
        "wires": []
    },
    {
        "id": "356acee67d683a55",
        "type": "ui_text",
        "z": "548238b9f30d16e6",
        "group": "2147988b5e61e5df",
        "order": 3,
        "width": 0,
        "height": 0,
        "name": "",
        "label": "Gps Coordinates",
        "format": "{{lat}}, {{lon}}",
        "layout": "row-spread",
        "className": "",
        "x": 1310,
        "y": 540,
        "wires": []
    },
    {
        "id": "078a2597f8fe58db",
        "type": "change",
        "z": "548238b9f30d16e6",
        "name": "Gps longitude",
        "rules": [
            {
                "t": "set",
                "p": "payload",
                "pt": "msg",
                "to": "payload.lon",
                "tot": "str"
            }
        ],
        "action": "",
        "property": "",
        "from": "",
        "to": "",
        "reg": false,
        "x": 1080,
        "y": 580,
        "wires": [
            [
                "356acee67d683a55"
            ]
        ]
    },
    {
        "id": "eff0a4d14f966092",
        "type": "change",
        "z": "548238b9f30d16e6",
        "name": "Gps latitude",
        "rules": [
            {
                "t": "set",
                "p": "payload",
                "pt": "msg",
                "to": "payload.lat",
                "tot": "str"
            }
        ],
        "action": "",
        "property": "",
        "from": "",
        "to": "",
        "reg": false,
        "x": 1070,
        "y": 520,
        "wires": [
            [
                "356acee67d683a55"
            ]
        ]
    },
    {
        "id": "a92bf377b1a6318d",
        "type": "mqtt-broker",
        "name": "TTN",
        "broker": "eu1.cloud.thethings.network",
        "port": "1883",
        "clientid": "",
        "autoConnect": true,
        "usetls": false,
        "protocolVersion": "4",
        "keepalive": "60",
        "cleansession": true,
        "birthTopic": "",
        "birthQos": "0",
        "birthPayload": "",
        "birthMsg": {},
        "closeTopic": "",
        "closeQos": "0",
        "closePayload": "",
        "closeMsg": {},
        "willTopic": "",
        "willQos": "0",
        "willPayload": "",
        "willMsg": {},
        "userProps": "",
        "sessionExpiry": ""
    },
    {
        "id": "2147988b5e61e5df",
        "type": "ui_group",
        "name": "Valori",
        "tab": "701d0f0872ee766f",
        "order": 1,
        "disp": true,
        "width": "6",
        "collapse": false,
        "className": ""
    },
    {
        "id": "701d0f0872ee766f",
        "type": "ui_tab",
        "name": "UNIPD",
        "icon": "dashboard",
        "disabled": false,
        "hidden": false
    }
]