[
    {
        "id": "8f98bab00e62a804",
        "type": "tab",
        "label": "Flow 1",
        "disabled": false,
        "info": "",
        "env": []
    },
    {
        "id": "cbf3782b7cbf76f3",
        "type": "mqtt in",
        "z": "8f98bab00e62a804",
        "name": "",
        "topic": "#",
        "qos": "2",
        "datatype": "auto-detect",
        "broker": "7ffa5cde71b14915",
        "nl": false,
        "rap": true,
        "rh": 0,
        "inputs": 0,
        "x": 110,
        "y": 360,
        "wires": [
            [
                "ad0ecafbf51f73d3"
            ]
        ]
    },
    {
        "id": "8a66a075de8ab959",
        "type": "worldmap",
        "z": "8f98bab00e62a804",
        "name": "",
        "lat": "45.673580",
        "lon": "11.932650",
        "zoom": "14.5",
        "layer": "OSMC",
        "cluster": "",
        "maxage": "",
        "usermenu": "show",
        "layers": "show",
        "panit": "false",
        "panlock": "false",
        "zoomlock": "false",
        "hiderightclick": "false",
        "coords": "none",
        "showgrid": "false",
        "showruler": "false",
        "allowFileDrop": "false",
        "path": "/worldmap",
        "overlist": "DR,CO,RA,DN,HM",
        "maplist": "OSMC",
        "mapname": "",
        "mapurl": "",
        "mapopt": "",
        "mapwms": false,
        "x": 860,
        "y": 520,
        "wires": []
    },
    {
        "id": "ea018a6d05eb72a8",
        "type": "file in",
        "z": "8f98bab00e62a804",
        "name": "measurement_reading_JSON",
        "filename": "measurement_recording.json",
        "filenameType": "str",
        "format": "lines",
        "chunk": false,
        "sendError": false,
        "encoding": "none",
        "allProps": false,
        "x": 550,
        "y": 660,
        "wires": [
            [
                "0aefc3d8a5b50887"
            ]
        ]
    },
    {
        "id": "ab98d5a452b806ce",
        "type": "debug",
        "z": "8f98bab00e62a804",
        "name": "debug 1",
        "active": true,
        "tosidebar": true,
        "console": false,
        "tostatus": false,
        "complete": "payload",
        "targetType": "msg",
        "statusVal": "",
        "statusType": "auto",
        "x": 720,
        "y": 360,
        "wires": []
    },
    {
        "id": "221e7ffd22251bbf",
        "type": "file",
        "z": "8f98bab00e62a804",
        "name": "measurement_recording_JSON",
        "filename": "measurement_recording.json",
        "filenameType": "str",
        "appendNewline": true,
        "createDir": false,
        "overwriteFile": "false",
        "encoding": "none",
        "x": 310,
        "y": 500,
        "wires": [
            [
                "21f4c8b5084c396a"
            ]
        ]
    },
    {
        "id": "0aefc3d8a5b50887",
        "type": "json",
        "z": "8f98bab00e62a804",
        "name": "",
        "property": "payload",
        "action": "obj",
        "pretty": false,
        "x": 730,
        "y": 580,
        "wires": [
            [
                "8a66a075de8ab959",
                "feb0e37b069aee45"
            ]
        ]
    },
    {
        "id": "21f4c8b5084c396a",
        "type": "delay",
        "z": "8f98bab00e62a804",
        "name": "",
        "pauseType": "delay",
        "timeout": "10",
        "timeoutUnits": "seconds",
        "rate": "1",
        "nbRateUnits": "1",
        "rateUnits": "second",
        "randomFirst": "1",
        "randomLast": "5",
        "randomUnits": "seconds",
        "drop": false,
        "allowrate": false,
        "outputs": 1,
        "x": 320,
        "y": 600,
        "wires": [
            [
                "ea018a6d05eb72a8"
            ]
        ]
    },
    {
        "id": "c5859b60e3b99d3e",
        "type": "json",
        "z": "8f98bab00e62a804",
        "name": "",
        "property": "payload",
        "action": "obj",
        "pretty": false,
        "x": 430,
        "y": 360,
        "wires": [
            [
                "76caeb4d3404303f",
                "ab98d5a452b806ce"
            ]
        ]
    },
    {
        "id": "ad0ecafbf51f73d3",
        "type": "change",
        "z": "8f98bab00e62a804",
        "name": "",
        "rules": [
            {
                "t": "set",
                "p": "payload",
                "pt": "msg",
                "to": "payload.uplink_message.decoded_payload.payload",
                "tot": "msg"
            }
        ],
        "action": "",
        "property": "",
        "from": "",
        "to": "",
        "reg": false,
        "x": 260,
        "y": 360,
        "wires": [
            [
                "c5859b60e3b99d3e"
            ]
        ]
    },
    {
        "id": "76caeb4d3404303f",
        "type": "function",
        "z": "8f98bab00e62a804",
        "name": "function 1",
        "func": "var content = msg.payload;\n\n// funzione principale che converte l'oggetto JSON\nfunction convertJson(obj) {\n    var result = {};\n\n    // nome incrementale\n    result.name = getRandomInt(50000);\n\n    // latitudine e longitudine\n    result.lat = obj.lt;\n    result.lon = obj.lg;\n\n    // temperatura\n    result.temp = obj.t;\n\n    // umidità\n    result.hum =obj.h;\n\n    // pressione\n    result.pressure = obj.p;\n\n    // CO2\n    result.CO2 = obj.C;\n    \n    //var jsonString = '{\"t\": 25, \"C\": 400, \"p\": 1013, \"h\": 50}';\n    result.iconColor = getLivingQuality(obj);\n  \n    msg.payload = result;\n}\n\nfunction getRandomInt(max) {\n    return Math.floor(Math.random() * max);\n}\n\n\nfunction getLivingQuality(data) {\n    var score = getLivingQualityScore(data);\n    var color = getLivingQualityColor(score);\n    return color;\n}\n\nfunction getLivingQualityScore(data) {\n    var temperatureScore = normalize(data.t, 10, 40);\n    var co2Score = normalize(data.C, 250, 1000);\n    var pressureScore = normalize(data.p, 970, 1050);\n    var humidityScore = normalize(data.h, 30, 70);\n\n    var weightedScore =\n        0.3 * temperatureScore +\n        0.4 * co2Score +\n        0.2 * pressureScore +\n        0.1 * humidityScore;\n\n    return weightedScore;\n}\n\nfunction getLivingQualityColor(score) {\n    if (score >= 75) return \"green\";\n    if (score >= 50) return \"yellow\";\n    if (score >= 25) return \"orange\";\n    return \"red\";\n}\n\nfunction normalize(value, min, max) {\n    return Math.max(0, Math.min(100, ((value - min) / (max - min)) * 100));\n}\n\nconvertJson(content);\nreturn msg;",
        "outputs": 1,
        "noerr": 0,
        "initialize": "",
        "finalize": "",
        "libs": [],
        "x": 580,
        "y": 440,
        "wires": [
            [
                "ab98d5a452b806ce",
                "221e7ffd22251bbf"
            ]
        ]
    },
    {
        "id": "feb0e37b069aee45",
        "type": "debug",
        "z": "8f98bab00e62a804",
        "name": "debug 2",
        "active": true,
        "tosidebar": true,
        "console": false,
        "tostatus": false,
        "complete": "false",
        "statusVal": "",
        "statusType": "auto",
        "x": 860,
        "y": 640,
        "wires": []
    },
    {
        "id": "7ffa5cde71b14915",
        "type": "mqtt-broker",
        "name": "TTN",
        "broker": "eu1.cloud.thethings.network",
        "port": "1883",
        "clientid": "",
        "autoConnect": true,
        "usetls": false,
        "protocolVersion": "4",
        "keepalive": "60",
        "cleansession": true,
        "birthTopic": "",
        "birthQos": "0",
        "birthPayload": "",
        "birthMsg": {},
        "closeTopic": "",
        "closeQos": "0",
        "closePayload": "",
        "closeMsg": {},
        "willTopic": "",
        "willQos": "0",
        "willPayload": "",
        "willMsg": {},
        "userProps": "",
        "sessionExpiry": ""
    }
]